term,estimate,std.error,statistic,p.value,conf.low,conf.high
(Intercept),2.249066611241463e-4,0.4526764142599756,-18.555915034825947,7.305279766699726e-77,9.168856578668948e-5,5.411463532198727e-4
Age,1.0588965175032177,0.003480920691592407,16.440289719863944,9.844717926351901e-61,1.051778718107681,1.0662348883144206
Gendermale,1.4053709991448626,0.10157667393795229,3.350191644074769,8.07556668940072e-4,1.1521887060845795,1.7160532003957074
BMI,1.1060710281202064,0.007088724336500203,14.221757960384721,6.714474988413142e-46,1.090917672232407,1.1216733300857762
BPSysAve,1.000152233190492,0.0029551398101170957,0.05151079609652185,0.9589184992323956,0.994338819441739,1.005929946035775
PhysActiveYes,0.8661384210883041,0.10541130330079822,-1.3633314369400824,0.1727780786445595,0.7040757214267339,1.0645514292189704
